Dataset Name,Image Name,Characteristics [Organism],Term Source 1 REF,Term Source 1 Accession,Characteristics [Organism Part],Term Source 2 REF,Term Source 2 Accession,Characteristics [Developmental Stage],Experimental Condition [Embryo Collection],Assay Name,Source Name,Image File,Comment [Image File Comments],Comment [Image File Path],Comment [Image File Type],Channels
Specimen,E1.lif,Mus musculus,NCBITaxon,NCBITaxon_10090,Heart tube,UBERON,UBERON_0004141,,Group 1,Specimen E1,E1,E1.lif,,IsaacEstebanVarela/Collection/E1/RawImages,Raw image,"Blue channel: cell nucleai,  green channel: mesoderm,  red channel: ectoderm and endoderm"
Specimen,E2.lif,Mus musculus,NCBITaxon,NCBITaxon_10090,Heart tube,UBERON,UBERON_0004141,,Group 1,Specimen E2,E2,E2.lif,,IsaacEstebanVarela/Collection/E2/RawImages,Raw image,"Blue channel: cell nucleai,  green channel: mesoderm,  red channel: ectoderm and endoderm"
Specimen,E3.lif [Region 2] - 1,Mus musculus,NCBITaxon,NCBITaxon_10090,Heart tube,UBERON,UBERON_0004141,,Group 1,Specimen E3,E3,E3.lif,,IsaacEstebanVarela/Collection/E3/RawImages,Raw image,"Blue channel: cell nucleai,  green channel: mesoderm,  red channel: ectoderm and endoderm"
Specimen,E3.lif [Region 2] - 2,Mus musculus,NCBITaxon,NCBITaxon_10090,Heart tube,UBERON,UBERON_0004141,,Group 1,Specimen E3,E3,E3.lif,,IsaacEstebanVarela/Collection/E3/RawImages,Raw image,"Blue channel: cell nucleai,  green channel: mesoderm,  red channel: ectoderm and endoderm"
Specimen,E3.lif [Region 2] - 3,Mus musculus,NCBITaxon,NCBITaxon_10090,Heart tube,UBERON,UBERON_0004141,,Group 1,Specimen E3,E3,E3.lif,,IsaacEstebanVarela/Collection/E3/RawImages,Raw image,"Blue channel: cell nucleai,  green channel: mesoderm,  red channel: ectoderm and endoderm"
Specimen,E3.lif [Region 2] - 4,Mus musculus,NCBITaxon,NCBITaxon_10090,Heart tube,UBERON,UBERON_0004141,,Group 1,Specimen E3,E3,E3.lif,,IsaacEstebanVarela/Collection/E3/RawImages,Raw image,"Blue channel: cell nucleai,  green channel: mesoderm,  red channel: ectoderm and endoderm"
Specimen,E4.lif [E4] - 1,Mus musculus,NCBITaxon,NCBITaxon_10090,Heart tube,UBERON,UBERON_0004141,,Group 1,Specimen E4,E4,E4.lif,,IsaacEstebanVarela/Collection/E4/RawImages,Raw image,"Blue channel: cell nucleai,  green channel: mesoderm,  red channel: ectoderm and endoderm"
Specimen,E4.lif [E4] - 2,Mus musculus,NCBITaxon,NCBITaxon_10090,Heart tube,UBERON,UBERON_0004141,,Group 1,Specimen E4,E4,E4.lif,,IsaacEstebanVarela/Collection/E4/RawImages,Raw image,"Blue channel: cell nucleai,  green channel: mesoderm,  red channel: ectoderm and endoderm"
Specimen,E5.lif,Mus musculus,NCBITaxon,NCBITaxon_10090,Heart tube,UBERON,UBERON_0004141,,Group 1,Specimen E5,E5,E5.lif,,IsaacEstebanVarela/Collection/E5/RawImages,Raw image,"Blue channel: cell nucleai,  green channel: mesoderm,  red channel: ectoderm and endoderm"
Specimen,E6.lif,Mus musculus,NCBITaxon,NCBITaxon_10090,Heart tube,UBERON,UBERON_0004141,,Group 2,Specimen E6,E6,E6.lif,,IsaacEstebanVarela/Collection/E6/RawImages,Raw image,"Blue channel: cell nucleai,  green channel: mesoderm,  red channel: ectoderm and endoderm"
Specimen,E7.lif,Mus musculus,NCBITaxon,NCBITaxon_10090,Heart tube,UBERON,UBERON_0004141,,Group 2,Specimen E7,E7,E7.lif,,IsaacEstebanVarela/Collection/E7/RawImages,Raw image,"Blue channel: cell nucleai,  green channel: mesoderm,  red channel: ectoderm and endoderm"
Specimen,E8.lif [Region 1] - 1,Mus musculus,NCBITaxon,NCBITaxon_10090,Heart tube,UBERON,UBERON_0004141,,Group 2,Specimen E8,E8,E8.lif,,IsaacEstebanVarela/Collection/E8/RawImages,Raw image,"Blue channel: cell nucleai,  green channel: mesoderm,  red channel: ectoderm and endoderm"
Specimen,E8.lif [Region 1] - 2,Mus musculus,NCBITaxon,NCBITaxon_10090,Heart tube,UBERON,UBERON_0004141,,Group 2,Specimen E8,E8,E8.lif,,IsaacEstebanVarela/Collection/E8/RawImages,Raw image,"Blue channel: cell nucleai,  green channel: mesoderm,  red channel: ectoderm and endoderm"
Specimen,E8.lif [Region 1] - 3,Mus musculus,NCBITaxon,NCBITaxon_10090,Heart tube,UBERON,UBERON_0004141,,Group 2,Specimen E8,E8,E8.lif,,IsaacEstebanVarela/Collection/E8/RawImages,Raw image,"Blue channel: cell nucleai,  green channel: mesoderm,  red channel: ectoderm and endoderm"
Specimen,E8.lif [Region 1] - 4,Mus musculus,NCBITaxon,NCBITaxon_10090,Heart tube,UBERON,UBERON_0004141,,Group 2,Specimen E8,E8,E8.lif,,IsaacEstebanVarela/Collection/E8/RawImages,Raw image,"Blue channel: cell nucleai,  green channel: mesoderm,  red channel: ectoderm and endoderm"
Specimen,E9.lif,Mus musculus,NCBITaxon,NCBITaxon_10090,Heart tube,UBERON,UBERON_0004141,,Group 2,Specimen E9,E9,E9.lif,,IsaacEstebanVarela/Collection/E9/RawImages,Raw image,"Blue channel: cell nucleai,  green channel: mesoderm,  red channel: ectoderm and endoderm"
Specimen,E10.lif [Region 3] - 1,Mus musculus,NCBITaxon,NCBITaxon_10090,Heart tube,UBERON,UBERON_0004141,,Group 2,Specimen E10,E10,E10.lif,,IsaacEstebanVarela/Collection/E10/RawImages,Raw image,"Blue channel: cell nucleai,  green channel: mesoderm,  red channel: ectoderm and endoderm"
Specimen,E10.lif [Region 3] - 2,Mus musculus,NCBITaxon,NCBITaxon_10090,Heart tube,UBERON,UBERON_0004141,,Group 2,Specimen E10,E10,E10.lif,,IsaacEstebanVarela/Collection/E10/RawImages,Raw image,"Blue channel: cell nucleai,  green channel: mesoderm,  red channel: ectoderm and endoderm"
Specimen,E10.lif [Region 3] - 3,Mus musculus,NCBITaxon,NCBITaxon_10090,Heart tube,UBERON,UBERON_0004141,,Group 2,Specimen E10,E10,E10.lif,,IsaacEstebanVarela/Collection/E10/RawImages,Raw image,"Blue channel: cell nucleai,  green channel: mesoderm,  red channel: ectoderm and endoderm"
Specimen,E10.lif [Region 3] - 4,Mus musculus,NCBITaxon,NCBITaxon_10090,Heart tube,UBERON,UBERON_0004141,,Group 2,Specimen E10,E10,E10.lif,,IsaacEstebanVarela/Collection/E10/RawImages,Raw image,"Blue channel: cell nucleai,  green channel: mesoderm,  red channel: ectoderm and endoderm"
Specimen,E11.lif [Region 2] - 1,Mus musculus,NCBITaxon,NCBITaxon_10090,Heart tube,UBERON,UBERON_0004141,,Group 3,Specimen E11,E11,E11.lif,,IsaacEstebanVarela/Collection/E11/RawImages,Raw image,"Blue channel: cell nucleai,  green channel: mesoderm,  red channel: ectoderm and endoderm"
Specimen,E11.lif [Region 2] - 2,Mus musculus,NCBITaxon,NCBITaxon_10090,Heart tube,UBERON,UBERON_0004141,,Group 3,Specimen E11,E11,E11.lif,,IsaacEstebanVarela/Collection/E11/RawImages,Raw image,"Blue channel: cell nucleai,  green channel: mesoderm,  red channel: ectoderm and endoderm"
Specimen,E11.lif [Region 2] - 3,Mus musculus,NCBITaxon,NCBITaxon_10090,Heart tube,UBERON,UBERON_0004141,,Group 3,Specimen E11,E11,E11.lif,,IsaacEstebanVarela/Collection/E11/RawImages,Raw image,"Blue channel: cell nucleai,  green channel: mesoderm,  red channel: ectoderm and endoderm"
Specimen,E11.lif [Region 2] - 4,Mus musculus,NCBITaxon,NCBITaxon_10090,Heart tube,UBERON,UBERON_0004141,,Group 3,Specimen E11,E11,E11.lif,,IsaacEstebanVarela/Collection/E11/RawImages,Raw image,"Blue channel: cell nucleai,  green channel: mesoderm,  red channel: ectoderm and endoderm"
Specimen,E12.lif [E3] - 1,Mus musculus,NCBITaxon,NCBITaxon_10090,Heart tube,UBERON,UBERON_0004141,,Group 3,Specimen E12,E12,E12.lif,,IsaacEstebanVarela/Collection/E12/RawImages,Raw image,"Blue channel: cell nucleai,  green channel: mesoderm,  red channel: ectoderm and endoderm"
Specimen,E12.lif [E3] - 2,Mus musculus,NCBITaxon,NCBITaxon_10090,Heart tube,UBERON,UBERON_0004141,,Group 3,Specimen E12,E12,E12.lif,,IsaacEstebanVarela/Collection/E12/RawImages,Raw image,"Blue channel: cell nucleai,  green channel: mesoderm,  red channel: ectoderm and endoderm"
Specimen,E12.lif [E3] - 2,Mus musculus,NCBITaxon,NCBITaxon_10090,Heart tube,UBERON,UBERON_0004141,,Group 3,Specimen E12,E12,E12.lif,,IsaacEstebanVarela/Collection/E12/RawImages,Raw image,"Blue channel: cell nucleai,  green channel: mesoderm,  red channel: ectoderm and endoderm"
Specimen,E12.lif [E3] - 3,Mus musculus,NCBITaxon,NCBITaxon_10090,Heart tube,UBERON,UBERON_0004141,,Group 3,Specimen E12,E12,E12.lif,,IsaacEstebanVarela/Collection/E12/RawImages,Raw image,"Blue channel: cell nucleai,  green channel: mesoderm,  red channel: ectoderm and endoderm"
Specimen,E13.lif,Mus musculus,NCBITaxon,NCBITaxon_10090,Heart tube,UBERON,UBERON_0004141,,Group 3,Specimen E13,E13,E13.lif,,IsaacEstebanVarela/Collection/E13/RawImages,Raw image,"Blue channel: cell nucleai,  green channel: mesoderm,  red channel: ectoderm and endoderm"
Specimen,E14.lif,Mus musculus,NCBITaxon,NCBITaxon_10090,Heart tube,UBERON,UBERON_0004141,,Group 3,Specimen E14,E14,E14.lif,,IsaacEstebanVarela/Collection/E14/RawImages,Raw image,"Blue channel: cell nucleai,  green channel: mesoderm,  red channel: ectoderm and endoderm"
Specimen,E15.lif,Mus musculus,NCBITaxon,NCBITaxon_10090,Heart tube,UBERON,UBERON_0004141,,Group 4,Specimen E15,E15,E15.lif,,IsaacEstebanVarela/Collection/E15/RawImages,Raw image,"Blue channel: cell nucleai,  green channel: mesoderm,  red channel: ectoderm and endoderm"
Specimen,E16.lif,Mus musculus,NCBITaxon,NCBITaxon_10090,Heart tube,UBERON,UBERON_0004141,,Group 4,Specimen E16,E16,E16.lif,,IsaacEstebanVarela/Collection/E16/RawImages,Raw image,"Blue channel: cell nucleai,  green channel: mesoderm,  red channel: ectoderm and endoderm"
Specimen,E17.lif,Mus musculus,NCBITaxon,NCBITaxon_10090,Heart tube,UBERON,UBERON_0004141,,Group 4,Specimen E17,E17,E17.lif,,IsaacEstebanVarela/Collection/E17/RawImages,Raw image,"Blue channel: cell nucleai,  green channel: mesoderm,  red channel: ectoderm and endoderm"
Specimen,E18.lif,Mus musculus,NCBITaxon,NCBITaxon_10090,Heart tube,UBERON,UBERON_0004141,,Group 4,Specimen E18,E18,E18.lif,,IsaacEstebanVarela/Collection/E18/RawImages,Raw image,"Blue channel: cell nucleai,  green channel: mesoderm,  red channel: ectoderm and endoderm"
Specimen,E19.lif,Mus musculus,NCBITaxon,NCBITaxon_10090,Heart tube,UBERON,UBERON_0004141,,Group 4,Specimen E19,E19,E19.lif,,IsaacEstebanVarela/Collection/E19/RawImages,Raw image,"Blue channel: cell nucleai,  green channel: mesoderm,  red channel: ectoderm and endoderm"
Specimen,E20.lif,Mus musculus,NCBITaxon,NCBITaxon_10090,Heart tube,UBERON,UBERON_0004141,,Group 5,Specimen E20,E20,E20.lif,,IsaacEstebanVarela/Collection/E20/RawImages,Raw image,"Blue channel: cell nucleai,  green channel: mesoderm,  red channel: ectoderm and endoderm"
Specimen,E21.lif [TileScan 1] - 1,Mus musculus,NCBITaxon,NCBITaxon_10090,Heart tube,UBERON,UBERON_0004141,,Group 5,Specimen E21,E21,E21.lif,"We have not been able to reconstruct the somatic or paraxial mesoderm of this embryo, as this area fractured during embryo handling.",IsaacEstebanVarela/Collection/E21/RawImages,Raw image,"Blue channel: cell nucleai,  green channel: mesoderm,  red channel: ectoderm and endoderm"
Specimen,E21.lif [TileScan 1] - 2,Mus musculus,NCBITaxon,NCBITaxon_10090,Heart tube,UBERON,UBERON_0004141,,Group 5,Specimen E21,E21,E21.lif,"We have not been able to reconstruct the somatic or paraxial mesoderm of this embryo, as this area fractured during embryo handling.",IsaacEstebanVarela/Collection/E21/RawImages,Raw image,"Blue channel: cell nucleai,  green channel: mesoderm,  red channel: ectoderm and endoderm"
Specimen,E21.lif [TileScan 1] - 3,Mus musculus,NCBITaxon,NCBITaxon_10090,Heart tube,UBERON,UBERON_0004141,,Group 5,Specimen E21,E21,E21.lif,"We have not been able to reconstruct the somatic or paraxial mesoderm of this embryo, as this area fractured during embryo handling.",IsaacEstebanVarela/Collection/E21/RawImages,Raw image,"Blue channel: cell nucleai,  green channel: mesoderm,  red channel: ectoderm and endoderm"
Specimen,E21.lif [TileScan 1] - 4,Mus musculus,NCBITaxon,NCBITaxon_10090,Heart tube,UBERON,UBERON_0004141,,Group 5,Specimen E21,E21,E21.lif,"We have not been able to reconstruct the somatic or paraxial mesoderm of this embryo, as this area fractured during embryo handling.",IsaacEstebanVarela/Collection/E21/RawImages,Raw image,"Blue channel: cell nucleai,  green channel: mesoderm,  red channel: ectoderm and endoderm"
Specimen,E22.lif [TileScan 1] - 1,Mus musculus,NCBITaxon,NCBITaxon_10090,Heart tube,UBERON,UBERON_0004141,,Group 5,Specimen E22,E22,E22.lif,"We have not been able to image the most dorsal part of the foregut endoderm, neither the aortic lumen in that region.",IsaacEstebanVarela/Collection/E22/RawImages,Raw image,"Blue channel: cell nucleai,  green channel: mesoderm,  red channel: ectoderm and endoderm"
Specimen,E22.lif [TileScan 1] - 2,Mus musculus,NCBITaxon,NCBITaxon_10090,Heart tube,UBERON,UBERON_0004141,,Group 5,Specimen E22,E22,E22.lif,"We have not been able to image the most dorsal part of the foregut endoderm, neither the aortic lumen in that region.",IsaacEstebanVarela/Collection/E22/RawImages,Raw image,"Blue channel: cell nucleai,  green channel: mesoderm,  red channel: ectoderm and endoderm"
Specimen,E22.lif [TileScan 1] - 3,Mus musculus,NCBITaxon,NCBITaxon_10090,Heart tube,UBERON,UBERON_0004141,,Group 5,Specimen E22,E22,E22.lif,"We have not been able to image the most dorsal part of the foregut endoderm, neither the aortic lumen in that region.",IsaacEstebanVarela/Collection/E22/RawImages,Raw image,"Blue channel: cell nucleai,  green channel: mesoderm,  red channel: ectoderm and endoderm"
Specimen,E22.lif [TileScan 1] - 4,Mus musculus,NCBITaxon,NCBITaxon_10090,Heart tube,UBERON,UBERON_0004141,,Group 5,Specimen E22,E22,E22.lif,"We have not been able to image the most dorsal part of the foregut endoderm, neither the aortic lumen in that region.",IsaacEstebanVarela/Collection/E22/RawImages,Raw image,"Blue channel: cell nucleai,  green channel: mesoderm,  red channel: ectoderm and endoderm"
Specimen,E23.lif [E3] - 1,Mus musculus,NCBITaxon,NCBITaxon_10090,Heart tube,UBERON,UBERON_0004141,,Group 5,Specimen E23,E23,E23.lif,,IsaacEstebanVarela/Collection/E23/RawImages,Raw image,"Blue channel: cell nucleai,  green channel: mesoderm,  red channel: ectoderm and endoderm"
Specimen,E23.lif [E3] - 2,Mus musculus,NCBITaxon,NCBITaxon_10090,Heart tube,UBERON,UBERON_0004141,,Group 5,Specimen E23,E23,E23.lif,,IsaacEstebanVarela/Collection/E23/RawImages,Raw image,"Blue channel: cell nucleai,  green channel: mesoderm,  red channel: ectoderm and endoderm"
Specimen,E24.lif,Mus musculus,NCBITaxon,NCBITaxon_10090,Heart tube,UBERON,UBERON_0004141,,Group 5,Specimen E24,E24,E24.lif,,IsaacEstebanVarela/Collection/E24/RawImages,Raw image,"Blue channel: cell nucleai,  green channel: mesoderm,  red channel: ectoderm and endoderm"
Specimen,E25.lif,Mus musculus,NCBITaxon,NCBITaxon_10090,Heart tube,UBERON,UBERON_0004141,,Group 6,Specimen E25,E25,E25.lif,,IsaacEstebanVarela/Collection/E25/RawImages,Raw image,"Blue channel: cell nucleai,  green channel: mesoderm,  red channel: ectoderm and endoderm"
Specimen,E26.lif,Mus musculus,NCBITaxon,NCBITaxon_10090,Heart tube,UBERON,UBERON_0004141,,Group 6,Specimen E26,E26,E26.lif,"We have not been able to fully reconstruct the foregut endoderm, as this embryo presented a small break in the ventral side of the foregut endoderm.",IsaacEstebanVarela/Collection/E26/RawImages,Raw image,"Blue channel: cell nucleai,  green channel: mesoderm,  red channel: ectoderm and endoderm"
Specimen,E27.lif,Mus musculus,NCBITaxon,NCBITaxon_10090,Heart tube,UBERON,UBERON_0004141,,Group 6,Specimen E27,E27,E27.lif,,IsaacEstebanVarela/Collection/E27/RawImages,Raw image,"Blue channel: cell nucleai,  green channel: mesoderm,  red channel: ectoderm and endoderm"
Specimen,E28.lif,Mus musculus,NCBITaxon,NCBITaxon_10090,Heart tube,UBERON,UBERON_0004141,,Group 6,Specimen E28,E28,E28.lif,,IsaacEstebanVarela/Collection/E28/RawImages,Raw image,"Blue channel: cell nucleai,  green channel: mesoderm,  red channel: ectoderm and endoderm"
Specimen,E29.lif,Mus musculus,NCBITaxon,NCBITaxon_10090,Heart tube,UBERON,UBERON_0004141,,Group 6,Specimen E29,E29,E29.lif,The myocardium of this embryo is closed prematurely.,IsaacEstebanVarela/Collection/E29/RawImages,Raw image,"Blue channel: cell nucleai,  green channel: mesoderm,  red channel: ectoderm and endoderm"
Specimen,E30.lif,Mus musculus,NCBITaxon,NCBITaxon_10090,Heart tube,UBERON,UBERON_0004141,,Group 6,Specimen E30,E30,E30.lif,,IsaacEstebanVarela/Collection/E30/RawImages,Raw image,"Blue channel: cell nucleai,  green channel: mesoderm,  red channel: ectoderm and endoderm"
Specimen,E31.lif,Mus musculus,NCBITaxon,NCBITaxon_10090,Heart tube,UBERON,UBERON_0004141,,Group 6,Specimen E31,E31,E31.lif,,IsaacEstebanVarela/Collection/E31/RawImages,Raw image,"Blue channel: cell nucleai,  green channel: mesoderm,  red channel: ectoderm and endoderm"
Specimen,E32.lif,Mus musculus,NCBITaxon,NCBITaxon_10090,Heart tube,UBERON,UBERON_0004141,,Group 7,Specimen E32,E32,E32.lif,"This heart is apparently looping prematurely, however looping is apparently reversed.",IsaacEstebanVarela/Collection/E32/RawImages,Raw image,"Blue channel: cell nucleai,  green channel: mesoderm,  red channel: ectoderm and endoderm"
Specimen,E33.lif,Mus musculus,NCBITaxon,NCBITaxon_10090,Heart tube,UBERON,UBERON_0004141,,Group 7,Specimen E33,E33,E33.lif,,IsaacEstebanVarela/Collection/E33/RawImages,Raw image,"Blue channel: cell nucleai,  green channel: mesoderm,  red channel: ectoderm and endoderm"
Specimen,E34.lif,Mus musculus,NCBITaxon,NCBITaxon_10090,Heart tube,UBERON,UBERON_0004141,,Group 7,Specimen E34,E34,E34.lif,,IsaacEstebanVarela/Collection/E34/RawImages,Raw image,"Blue channel: cell nucleai,  green channel: mesoderm,  red channel: ectoderm and endoderm"
Specimen,E35.lif,Mus musculus,NCBITaxon,NCBITaxon_10090,Heart tube,UBERON,UBERON_0004141,,Group 7,Specimen E35,E35,E35.lif,This heart is apparently looping prematurely.,IsaacEstebanVarela/Collection/E35/RawImages,Raw image,"Blue channel: cell nucleai,  green channel: mesoderm,  red channel: ectoderm and endoderm"
Specimen,E36.lif,Mus musculus,NCBITaxon,NCBITaxon_10090,Heart tube,UBERON,UBERON_0004141,,Group 7,Specimen E36,E36,E36.lif,,IsaacEstebanVarela/Collection/E36/RawImages,Raw image,"Blue channel: cell nucleai,  green channel: mesoderm,  red channel: ectoderm and endoderm"
Specimen,E37.lif,Mus musculus,NCBITaxon,NCBITaxon_10090,Heart tube,UBERON,UBERON_0004141,,Group 8,Specimen E37,E37,E37.lif,We have only been able to segment the morphology of the myocardium and the endocardial lumen.,IsaacEstebanVarela/Collection/E37/RawImages,Raw image,"Blue channel: cell nucleai,  green channel: mesoderm,  red channel: ectoderm and endoderm"
Specimen,E38.lif,Mus musculus,NCBITaxon,NCBITaxon_10090,Heart tube,UBERON,UBERON_0004141,,Group 8,Specimen E38,E38,E38.lif,,IsaacEstebanVarela/Collection/E38/RawImages,Raw image,"Blue channel: cell nucleai,  green channel: mesoderm,  red channel: ectoderm and endoderm"
Specimen,E39.lif [E4] - 1,Mus musculus,NCBITaxon,NCBITaxon_10090,Heart tube,UBERON,UBERON_0004141,,Group 8,Specimen E39,E39,E39.lif,,IsaacEstebanVarela/Collection/E39/RawImages,Raw image,"Blue channel: cell nucleai,  green channel: mesoderm,  red channel: ectoderm and endoderm"
Specimen,E39.lif [E4] - 2,Mus musculus,NCBITaxon,NCBITaxon_10090,Heart tube,UBERON,UBERON_0004141,,Group 8,Specimen E39,E39,E39.lif,,IsaacEstebanVarela/Collection/E39/RawImages,Raw image,"Blue channel: cell nucleai,  green channel: mesoderm,  red channel: ectoderm and endoderm"
Specimen,E40.lif,Mus musculus,NCBITaxon,NCBITaxon_10090,Heart tube,UBERON,UBERON_0004141,,Group 8,Specimen E40,E40,E40.lif,,IsaacEstebanVarela/Collection/E40/RawImages,Raw image,"Blue channel: cell nucleai,  green channel: mesoderm,  red channel: ectoderm and endoderm"
Specimen,E41.lif,Mus musculus,NCBITaxon,NCBITaxon_10090,Heart tube,UBERON,UBERON_0004141,,Group 8,Specimen E41,E41,E41.lif,We have not been able to segment the splanchnic and somatic mesoderm because both were broken at some points. We have been able to accurately segment the myocardium.,IsaacEstebanVarela/Collection/E41/RawImages,Raw image,"Blue channel: cell nucleai,  green channel: mesoderm,  red channel: ectoderm and endoderm"
Specimen,E42.lif [TileScan 1] - 1,Mus musculus,NCBITaxon,NCBITaxon_10090,Heart tube,UBERON,UBERON_0004141,,Group 9,Specimen E42,E42,E42.lif,"These hearts are dorsally closed, while overall morphology reflects an earlier stage.",IsaacEstebanVarela/Collection/E42/RawImages,Raw image,"Blue channel: cell nucleai,  green channel: mesoderm,  red channel: ectoderm and endoderm"
Specimen,E42.lif [TileScan 1] - 2,Mus musculus,NCBITaxon,NCBITaxon_10090,Heart tube,UBERON,UBERON_0004141,,Group 9,Specimen E42,E42,E42.lif,"These hearts are dorsally closed, while overall morphology reflects an earlier stage.",IsaacEstebanVarela/Collection/E42/RawImages,Raw image,"Blue channel: cell nucleai,  green channel: mesoderm,  red channel: ectoderm and endoderm"
Specimen,E42.lif [TileScan 1] - 3,Mus musculus,NCBITaxon,NCBITaxon_10090,Heart tube,UBERON,UBERON_0004141,,Group 9,Specimen E42,E42,E42.lif,"These hearts are dorsally closed, while overall morphology reflects an earlier stage.",IsaacEstebanVarela/Collection/E42/RawImages,Raw image,"Blue channel: cell nucleai,  green channel: mesoderm,  red channel: ectoderm and endoderm"
Specimen,E42.lif [TileScan 1] - 4,Mus musculus,NCBITaxon,NCBITaxon_10090,Heart tube,UBERON,UBERON_0004141,,Group 9,Specimen E42,E42,E42.lif,"These hearts are dorsally closed, while overall morphology reflects an earlier stage.",IsaacEstebanVarela/Collection/E42/RawImages,Raw image,"Blue channel: cell nucleai,  green channel: mesoderm,  red channel: ectoderm and endoderm"
Specimen,E42.lif [TileScan 1] - 5,Mus musculus,NCBITaxon,NCBITaxon_10090,Heart tube,UBERON,UBERON_0004141,,Group 9,Specimen E42,E42,E42.lif,"These hearts are dorsally closed, while overall morphology reflects an earlier stage.",IsaacEstebanVarela/Collection/E42/RawImages,Raw image,"Blue channel: cell nucleai,  green channel: mesoderm,  red channel: ectoderm and endoderm"
Specimen,E42.lif [TileScan 1] - 6,Mus musculus,NCBITaxon,NCBITaxon_10090,Heart tube,UBERON,UBERON_0004141,,Group 9,Specimen E42,E42,E42.lif,"These hearts are dorsally closed, while overall morphology reflects an earlier stage.",IsaacEstebanVarela/Collection/E42/RawImages,Raw image,"Blue channel: cell nucleai,  green channel: mesoderm,  red channel: ectoderm and endoderm"
Specimen,E42.lif [TileScan 1] - 7,Mus musculus,NCBITaxon,NCBITaxon_10090,Heart tube,UBERON,UBERON_0004141,,Group 9,Specimen E42,E42,E42.lif,"These hearts are dorsally closed, while overall morphology reflects an earlier stage.",IsaacEstebanVarela/Collection/E42/RawImages,Raw image,"Blue channel: cell nucleai,  green channel: mesoderm,  red channel: ectoderm and endoderm"
Specimen,E42.lif [TileScan 1] - 8,Mus musculus,NCBITaxon,NCBITaxon_10090,Heart tube,UBERON,UBERON_0004141,,Group 9,Specimen E42,E42,E42.lif,"These hearts are dorsally closed, while overall morphology reflects an earlier stage.",IsaacEstebanVarela/Collection/E42/RawImages,Raw image,"Blue channel: cell nucleai,  green channel: mesoderm,  red channel: ectoderm and endoderm"
Specimen,E42.lif [TileScan 1] - 9,Mus musculus,NCBITaxon,NCBITaxon_10090,Heart tube,UBERON,UBERON_0004141,,Group 9,Specimen E42,E42,E42.lif,"These hearts are dorsally closed, while overall morphology reflects an earlier stage.",IsaacEstebanVarela/Collection/E42/RawImages,Raw image,"Blue channel: cell nucleai,  green channel: mesoderm,  red channel: ectoderm and endoderm"
Specimen,E43.lif,Mus musculus,NCBITaxon,NCBITaxon_10090,Heart tube,UBERON,UBERON_0004141,,Group 9,Specimen E43,E43,E43.lif,,IsaacEstebanVarela/Collection/E43/RawImages,Raw image,"Blue channel: cell nucleai,  green channel: mesoderm,  red channel: ectoderm and endoderm"
Specimen,E44.lif,Mus musculus,NCBITaxon,NCBITaxon_10090,Heart tube,UBERON,UBERON_0004141,,Group 9,Specimen E44,E44,E44.lif,"Despite looping is advanced in these specimens, dorsal closure is far from being complete.",IsaacEstebanVarela/Collection/E44/RawImages,Raw image,"Blue channel: cell nucleai,  green channel: mesoderm,  red channel: ectoderm and endoderm"
Specimen,E45.lif,Mus musculus,NCBITaxon,NCBITaxon_10090,Heart tube,UBERON,UBERON_0004141,,Group 9,Specimen E45,E45,E45.lif,,IsaacEstebanVarela/Collection/E45/RawImages,Raw image,"Blue channel: cell nucleai,  green channel: mesoderm,  red channel: ectoderm and endoderm"
Specimen,E46.lif,Mus musculus,NCBITaxon,NCBITaxon_10090,Heart tube,UBERON,UBERON_0004141,,Group 9,Specimen E46,E46,E46.lif,"These hearts are dorsally closed, while overall morphology reflects an earlier stage.",IsaacEstebanVarela/Collection/E46/RawImages,Raw image,"Blue channel: cell nucleai,  green channel: mesoderm,  red channel: ectoderm and endoderm"
Specimen,E47.lif,Mus musculus,NCBITaxon,NCBITaxon_10090,Heart tube,UBERON,UBERON_0004141,,Group 9,Specimen E47,E47,E47.lif,,IsaacEstebanVarela/Collection/E47/RawImages,Raw image,"Blue channel: cell nucleai,  green channel: mesoderm,  red channel: ectoderm and endoderm"
Specimen,E48.lif,Mus musculus,NCBITaxon,NCBITaxon_10090,Heart tube,UBERON,UBERON_0004141,,Group 9,Specimen E48,E48,E48.lif,,IsaacEstebanVarela/Collection/E48/RawImages,Raw image,"Blue channel: cell nucleai,  green channel: mesoderm,  red channel: ectoderm and endoderm"
Specimen,E49.lif,Mus musculus,NCBITaxon,NCBITaxon_10090,Heart tube,UBERON,UBERON_0004141,,Group 10,Specimen E49,E49,E49.lif,"Despite looping is advanced in these specimens, dorsal closure is far from being complete.",IsaacEstebanVarela/Collection/E49/RawImages,Raw image,"Blue channel: cell nucleai,  green channel: mesoderm,  red channel: ectoderm and endoderm"
Specimen,E50.lif,Mus musculus,NCBITaxon,NCBITaxon_10090,Heart tube,UBERON,UBERON_0004141,,Group 10,Specimen E50,E50,E50.lif,,IsaacEstebanVarela/Collection/E50/RawImages,Raw image,"Blue channel: cell nucleai,  green channel: mesoderm,  red channel: ectoderm and endoderm"
Specimen,E51.lif,Mus musculus,NCBITaxon,NCBITaxon_10090,Heart tube,UBERON,UBERON_0004141,,Outlier,Specimen E51,E51,E51.lif,"We have not been able to segment the foregut endoderm and the aorta. This is because in this very advanced specimen, the cardiogenic area extends in the microscopic z axis longer that we have been able to reach with the imaging protocol. This specimen is an outlier and therefore not included in the collection.",IsaacEstebanVarela/Collection/E51/RawImages,Raw image,"Blue channel: cell nucleai,  green channel: mesoderm,  red channel: ectoderm and endoderm"
Specimen,E52.lif [Region 1] - 1,Mus musculus,NCBITaxon,NCBITaxon_10090,Heart tube,UBERON,UBERON_0004141,,Outlier,Specimen E52,E52,E52.lif,This specimen is an outlier and therefore not included in the collection.,IsaacEstebanVarela/Collection/E52/RawImages,Raw image,"Blue channel: cell nucleai,  green channel: mesoderm,  red channel: ectoderm and endoderm"
Specimen,E52.lif [Region 1] - 2,Mus musculus,NCBITaxon,NCBITaxon_10090,Heart tube,UBERON,UBERON_0004141,,Outlier,Specimen E52,E52,E52.lif,This specimen is an outlier and therefore not included in the collection.,IsaacEstebanVarela/Collection/E52/RawImages,Raw image,"Blue channel: cell nucleai,  green channel: mesoderm,  red channel: ectoderm and endoderm"
Specimen,E52.lif [Region 1] - 3,Mus musculus,NCBITaxon,NCBITaxon_10090,Heart tube,UBERON,UBERON_0004141,,Outlier,Specimen E52,E52,E52.lif,This specimen is an outlier and therefore not included in the collection.,IsaacEstebanVarela/Collection/E52/RawImages,Raw image,"Blue channel: cell nucleai,  green channel: mesoderm,  red channel: ectoderm and endoderm"
Specimen,E52.lif [Region 1] - 4,Mus musculus,NCBITaxon,NCBITaxon_10090,Heart tube,UBERON,UBERON_0004141,,Outlier,Specimen E52,E52,E52.lif,This specimen is an outlier and therefore not included in the collection.,IsaacEstebanVarela/Collection/E52/RawImages,Raw image,"Blue channel: cell nucleai,  green channel: mesoderm,  red channel: ectoderm and endoderm"